secao;classe;descricao;tipogaiola;fichajulgamento;anolimiteanilha;campoa;campob;campoc
F2;5;Eq. F Cardinalito da Venezuela (Carduelis cucullata) clássico;1;0;0;0;0;0
F2;6;F Cardinalito da Venezuela (Carduelis cucullata) clássico;1;0;0;0;0;0
F2;7;Eq. M Cardinalito da Venezuela (Carduelis cucullata) castanho;1;0;0;0;0;0
F2;8;M Cardinalito da Venezuela (Carduelis cucullata) castanho;1;0;0;0;0;0
F2;9;Eq. F Cardinalito da Venezuela (Carduelis cucullata) castanho;1;0;0;0;0;0
F2;10;F Cardinalito da Venezuela (Carduelis cucullata) castanho;1;0;0;0;0;0
F2;11;Eq. M Cardinalito da Venezuela (Carduelis cucullata) diluído;1;0;0;0;0;0
F2;12;M Cardinalito da Venezuela (Carduelis cucullata) diluído;1;0;0;0;0;0
F2;13;Eq. F Cardinalito da Venezuela (Carduelis cucullata) diluído;1;0;0;0;0;0
F2;14;F Cardinalito da Venezuela (Carduelis cucullata) diluído;1;0;0;0;0;0
F2;15;Eq. M Cardinalito da Venezuela (Carduelis cucullata) ágata;1;0;0;0;0;0
F2;16;M Cardinalito da Venezuela (Carduelis cucullata) ágata;1;0;0;0;0;0
F2;17;Eq. F Cardinalito da Venezuela (Carduelis cucullata) ágata;1;0;0;0;0;0
F2;18;F Cardinalito da Venezuela (Carduelis cucullata) ágata;1;0;0;0;0;0
F2;19;Eq. M Cardinalito da Venezuela (Carduelis cucullata) isabel;1;0;0;0;0;0
F2;20;M Cardinalito da Venezuela (Carduelis cucullata) isabel;1;0;0;0;0;0
F2;21;Eq. F Cardinalito da Venezuela (Carduelis cucullata) isabel;1;0;0;0;0;0
F2;22;F Cardinalito da Venezuela (Carduelis cucullata) isabel;1;0;0;0;0;0
F2;23;Eq. M Cardinalito da Venezuela (Carduelis cucullata) outras mutações;1;0;0;0;0;0
F2;24;M Cardinalito da Venezuela (Carduelis cucullata) outras mutações;1;0;0;0;0;0
F2;25;Eq. F Cardinalito da Venezuela (Carduelis cucullata) outras mutações;1;0;0;0;0;0
F2;26;F Cardinalito da Venezuela (Carduelis cucullata) outras mutações;1;0;0;0;0;0
F2;27;Eq. M Carduelis Magelânica Clássico;1;0;0;0;0;0
F2;28;M Carduelis Magelânica Clássico;1;0;0;0;0;0
F2;29;Eq. F Carduelis Magelânica Clássico;1;0;0;0;0;0
F2;30;F Carduelis Magelânica Clássico;1;0;0;0;0;0
F2;31;Eq. M Carduelis Magelânica Diluído;1;0;0;0;0;0
F2;32;M Carduelis Magelânica Diluído;1;0;0;0;0;0
F2;33;Eq. F Carduelis Magelânica Diluído;1;0;0;0;0;0
F2;34;F Carduelis Magelânica Diluído;1;0;0;0;0;0
F2;35;Eq. M Carduelis Magelânica Dupla diluição;1;0;0;0;0;0
F2;36;M Carduelis Magelânica Dupla diluição;1;0;0;0;0;0
F2;37;Eq. F Carduelis Magelânica Dupla diluição;1;0;0;0;0;0
F2;38;F Carduelis Magelânica Dupla diluição;1;0;0;0;0;0
F2;39;Eq. M Carduelis Magelânica outras mutações;1;0;0;0;0;0
F2;40;M Carduelis Magelânica outras mutações;1;0;0;0;0;0
F2;41;Eq. F Carduelis Magelânica outras mutações;1;0;0;0;0;0
F2;42;F Carduelis Magelânica outras mutações;1;0;0;0;0;0
F2;43;Eq. Outros Lugres género Carduelis todos nas cores normais;1;0;0;0;0;0
F2;44;Outros Lugres género Carduelis todos nas cores normais;1;0;0;0;0;0
F2;45;Eq. Verdelhões, Pintassilgos, Pintarroxos, género Carduelis, Papa-figos, género Linurgus, Tentilhões de nuca dourada, género Pyrrhoplectes todos nas cores normais;1;0;0;0;0;0
F2;46;Verdelhões, Pintassilgos, Pintarroxos, género Carduelis, Papa-figos, género Linurgus, Tentilhões de nuca dourada, género Pyrrhoplectes todos nas cores normais;1;0;0;0;0;0
F2;47;Eq. M Carpodaco Mexicano (Carpodacus mexicanus) clássico;1;0;0;0;0;0
F2;48;M Carpodaco Mexicano (Carpodacus mexicanus) clássico;1;0;0;0;0;0
F2;49;Eq. F Carpodaco Mexicano (Carpodacus mexicanus) clássico;1;0;0;0;0;0
F2;50;F Carpodaco Mexicano (Carpodacus mexicanus) clássico;1;0;0;0;0;0
F2;51;Eq. M Carpodaco Mexicano (Carpodacus mexicanus) Castanho;1;0;0;0;0;0
F2;52;M Carpodaco Mexicano (Carpodacus mexicanus) Castanho;1;0;0;0;0;0
F2;53;Eq. F Carpodaco Mexicano (Carpodacus mexicanus) Castanho;1;0;0;0;0;0
F2;54;F Carpodaco Mexicano (Carpodacus mexicanus) Castanho;1;0;0;0;0;0
F2;55;Eq. M Carpodaco Mexicano (Carpodacus mexicanus) Phaeo;1;0;0;0;0;0
F2;56;M Carpodaco Mexicano (Carpodacus mexicanus) Phaeo;1;0;0;0;0;0
F2;57;Eq. F Carpodaco Mexicano (Carpodacus mexicanus) Phaeo;1;0;0;0;0;0
F2;58;F Carpodaco Mexicano (Carpodacus mexicanus) Phaeo;1;0;0;0;0;0
F2;59;Eq. M Carpodaco Mexicano (Carpodacus mexicanus) Opala;1;0;0;0;0;0
F2;60;M Carpodaco Mexicano (Carpodacus mexicanus) Opala;1;0;0;0;0;0
F2;61;Eq. F Carpodaco Mexicano (Carpodacus mexicanus) Opala;1;0;0;0;0;0
F2;62;F Carpodaco Mexicano (Carpodacus mexicanus) Opala;1;0;0;0;0;0
F2;63;Eq. M Carpodaco Mexicano (Carpodacus mexicanus) outras mutações;1;0;0;0;0;0
F2;64;M Carpodaco Mexicano (Carpodacus mexicanus) outras mutações;1;0;0;0;0;0
F2;65;Eq. F Carpodaco Mexicano (Carpodacus mexicanus) outras mutações;1;0;0;0;0;0
F2;66;F Carpodaco Mexicano (Carpodacus mexicanus) outras mutações;1;0;0;0;0;0
F2;67;"Eq. Pintarroxos de sobrancelha vermelha, géneroCallacanthis; Outros Pintarroxos, géneros Carpodacus ou Leucosticte; Bicos-grossudos, género Pinicola; Todos nas cores normais";1;0;0;0;0;0
F2;68;"Pintarroxos de sobrancelha vermelha, géneroCallacanthis; Outros Pintarroxos, géneros Carpodacus ou Leucosticte; Bicos-grossudos, género Pinicola; Todos nas cores normais";1;0;0;0;0;0
F2;69;"Eq. Dom-fafes, género Pyrrhula; Pintarroxos do deserto, Trompeteiros, ou de asa carmesim, género Rhodopechys; Pintarroxos, géneros Uragus ou Urocynchramus; Todos nas cores normais";1;0;0;0;0;0
F2;70;"Dom-fafes, género Pyrrhula; Pintarroxos do deserto, Trompeteiros, ou de asa carmesim, género Rhodopechys; Pintarroxos, géneros Uragus ou Urocynchramus; Todos nas cores normais";1;0;0;0;0;0
F2;71;"Eq. Bicos-grossudos, géneros Eophona, Hesperiphona, Mycerobas, Neospiza ou Rynchostruthus; Tentilhões azuis, género Fringilla; Tentilhões escarlate, género Haematospiza; Todos nas cores normais";1;0;0;0;0;0
F2;72;"Bicos-grossudos, géneros Eophona, Hesperiphona, Mycerobas, Neospiza ou Rynchostruthus; Tentilhões azuis, género Fringilla; Tentilhões escarlate, género Haematospiza; Todos nas cores normais";1;0;0;0;0;0
F2;73;Eq. Mutações das Classes 1, 43, 45, 67, 69, 71;1;0;0;0;0;0
F2;74;Mutações das Classes 2, 44, 46, 68, 70, 72;1;0;0;0;0;0
F2;75;"Eq. Pardais, géneros Aimophila, Ammodramus, Anphispiza, Arremon, Arremonops, Calcarius, Chondestes, Melospiza, Melozone, Oriturus, Pezopetes, Pooecetes, Pselliophorus, Spizella, Torreornis ou Zonotrichia; Tentilhões americanos, géneros Calamospiza, Emberi";1;0;0;0;0;0
F2;76;"Pardais, géneros Aimophila, Ammodramus, Anphispiza, Arremon, Arremonops, Calcarius, Chondestes, Melospiza, Melozone, Oriturus, Pezopetes, Pooecetes, Pselliophorus, Spizella, Torreornis ou Zonotrichia; Tentilhões americanos, géneros Calamospiza, Emberiza, ";1;0;0;0;0;0
F2;77;"Eq. Galinhos da serra ou Tico-ticos, género Coryphospingus; Cardeais pigmeu, género Lophospingus, género Loxigilla; Granívoros, géneros Oryzoborus ou Sporophila; Cantores, género Tiaris; Jacarinis, género Volatinia; Todos nas cores normais";1;0;0;0;0;0
F2;78;"Galinhos da serra ou Tico-ticos, género Coryphospingus; Cardeais pigmeu, género Lophospingus, género Loxigilla; Granívoros, géneros Oryzoborus ou Sporophila; Cantores, género Tiaris; Jacarinis, género Volatinia; Todos nas cores normais";1;0;0;0;0;0
F2;79;"Eq. Cardeais, géneros Cardinalis, Gubernatrix, Paroaria ou Pyrrhuloxia; Bicos-grossudos, géneros Guiraca ou Pheucticus; Todos nas cores normais";1;0;0;0;0;0
F2;80;"Cardeais, géneros Cardinalis, Gubernatrix, Paroaria ou Pyrrhuloxia; Bicos-grossudos, géneros Guiraca ou Pheucticus; Todos nas cores normais";1;0;0;0;0;0
F2;81;Eq. Mutações das classes 75, 77, 79;1;0;0;0;0;0
F2;82;Mutações das classes 76, 78, 80;1;0;0;0;0;0
F2;83;"Eq. Tecelões, géneros Euplectes, Foudia, Ploceus ou Quelea; Pardais das neves, género Montifringilla; Pardais, género Passer ou Petronia; Todos nas cores normais";1;0;0;0;0;0
F2;84;"Tecelões, géneros Euplectes, Foudia, Ploceus ou Quelea; Pardais das neves, género Montifringilla; Pardais, género Passer ou Petronia; Todos nas cores normais";1;0;0;0;0;0
F2;85;Eq. Mutações da classe 83;1;0;0;0;0;0
F2;86;Mutações da classe 84;1;0;0;0;0;0
F2;87;"Eq. Twin-spots castanhos, género Clytospiza; Twin-spots de dorso verde, género Mandingoa; Pitílias, género Pytilia; Todos nas cores normais";1;0;0;0;0;0
F2;88;"Twin-spots castanhos, género Clytospiza; Twin-spots de dorso verde, género Mandingoa; Pitílias, género Pytilia; Todos nas cores normais";1;0;0;0;0;0
F2;89;"Eq. Twin-spots, géneros Euschistospiza ou Hypargos; Tecelões, género Parmoptila; Pirinestes, género Pyrenestes; Bicos-azuis, género Spermophaga; Todos nas cores normais";1;0;0;0;0;0
F2;90;"Twin-spots, géneros Euschistospiza ou Hypargos; Tecelões, género Parmoptila; Pirinestes, género Pyrenestes; Bicos-azuis, género Spermophaga; Todos nas cores normais";1;0;0;0;0;0
F2;91;"Eq. Peitos de fogo, género Lagonosticta; Negritos, género Nigrita; Todos nas cores normais";1;0;0;0;0;0
F2;92;"Peitos de fogo, género Lagonosticta; Negritos, género Nigrita; Todos nas cores normais";1;0;0;0;0;0
F2;93;"Eq. Bicos de lacre, género Estrilda; Todos nas cores normais";1;0;0;0;0;0
F2;94;"Bicos de lacre, género Estrilda; Todos nas cores normais";1;0;0;0;0;0
F2;95;"Eq. Amandavas, género Amandava; Asas carmesim, género Cryptospiza; Dorsos oliva, género Nesocharis; Diamantes codorniz, género Ortygospiza; Todos nas cores normais";1;0;0;0;0;0
F2;96;"Amandavas, género Amandava; Asas carmesim, género Cryptospiza; Dorsos oliva, género Nesocharis; Diamantes codorniz, género Ortygospiza; Todos nas cores normais";1;0;0;0;0;0
F2;97;"Eq. M Peitos-celeste ou Granadeiros, género Uraeginthus; Todos nas cores normais";1;0;0;0;0;0
F2;98;"M Peitos-celeste ou Granadeiros, género Uraeginthus; Todos nas cores normais";1;0;0;0;0;0
F2;99;"Eq. F Peitos-celeste ou Granadeiros, género Uraeginthus; Todos nas cores normais";1;0;0;0;0;0
F2;100;"F Peitos-celeste ou Granadeiros, género Uraeginthus; Todos nas cores normais";1;0;0;0;0;0
F2;101;Eq. Mutações das classes 87, 89, 91, 93, 95, 97, 99;1;0;0;0;0;0
F2;102;Mutações das classes 88, 90, 92, 94, 96, 98, 100;1;0;0;0;0;0
F2;103;Eq. M Degolado (Amadina fasciata) ancestral;1;0;0;0;0;0
F2;104;M Degolado (Amadina fasciata) ancestral;1;0;0;0;0;0
F2;105;Eq. F Degolado (Amadina fasciata) ancestral;1;0;0;0;0;0
F2;106;F Degolado (Amadina fasciata) ancestral;1;0;0;0;0;0
F2;107;Eq. M Degolado (Amadina fasciata) de Gola Laranja;1;0;0;0;0;0
F2;108;M Degolado (Amadina fasciata) de Gola Laranja;1;0;0;0;0;0
F2;109;Eq. M Degolado (Amadina fasciata) outras mutações;1;0;0;0;0;0
F2;110;M Degolado (Amadina fasciata) outras mutações;1;0;0;0;0;0
F2;111;Eq. F Degolado (Amadina fasciata) outras mutações;1;0;0;0;0;0
F2;112;F Degolado (Amadina fasciata) outras mutações;1;0;0;0;0;0
F2;113;Eq. M Degolado de cabeça vermelha (Amadina erythrocephala) ancestral;1;0;0;0;0;0
F2;114;M Degolado de cabeça vermelha (Amadina erythrocephala) ancestral;1;0;0;0;0;0
F2;115;Eq. F Degolado de cabeça vermelha (Amadina erythrocephala) ancestral;1;0;0;0;0;0
F2;116;F Degolado de cabeça vermelha (Amadina erythrocephala) ancestral;1;0;0;0;0;0
F2;117;Eq. M Degolado de cabeça vermelha (Amadina erythrocephala) mutações;1;0;0;0;0;0
F2;118;M Degolado de cabeça vermelha (Amadina erythrocephala) mutações;1;0;0;0;0;0
F2;119;Eq. F Degolado de cabeça vermelha (Amadina erythrocephala) mutações;1;0;0;0;0;0
F2;120;F Degolado de cabeça vermelha (Amadina erythrocephala) mutações;1;0;0;0;0;0
F2;121;Eq. Bico de prata de cabeça cinzenta (Lonchura griseicapilla) ancestral;1;0;0;0;0;0
F2;122;Bico de prata de cabeça cinzenta (Lonchura griseicapilla) ancestral;1;0;0;0;0;0
F2;123;Eq. Freirinha-branca-e-preta (Lonchura bicolor), Freirinha-bronze (L. cucullata), Freirinha-pêga (L. fringilloides), Bico de prata de Madagáscar (L. nana) todos nas cores normais;1;0;0;0;0;0
F1;1;Eq. M Diamante Mandarim Cinzento;1;0;0;0;0;0
F1;2;M Diamante Mandarim Cinzento;1;0;0;0;0;0
F1;3;Eq. F Diamante Mandarim Cinzento;1;0;0;0;0;0
F1;4;F Diamante Mandarim Cinzento;1;0;0;0;0;0
F1;5;Eq. M Diamante Mandarim Castanho;1;0;0;0;0;0
F1;6;M Diamante Mandarim Castanho;1;0;0;0;0;0
F1;7;Eq. F Diamante Mandarim Castanho;1;0;0;0;0;0
F1;8;F Diamante Mandarim Castanho;1;0;0;0;0;0
F1;9;Eq. M Diamante Mandarim Dorso claro cinzento;1;0;0;0;0;0
F1;10;M Diamante Mandarim Dorso claro cinzento;1;0;0;0;0;0
F1;11;Eq. F Diamante Mandarim Dorso claro cinzento;1;0;0;0;0;0
F1;12;F Diamante Mandarim Dorso claro cinzento;1;0;0;0;0;0
F1;13;Eq. M Diamante Mandarim Dorso claro castanho;1;0;0;0;0;0
F1;14;M Diamante Mandarim Dorso claro castanho;1;0;0;0;0;0
F1;15;Eq. F Diamante Mandarim Dorso claro castanho;1;0;0;0;0;0
F1;16;F Diamante Mandarim Dorso claro castanho;1;0;0;0;0;0
F1;17;Eq. M Diamante Mandarim Diluído cinzento;1;0;0;0;0;0
F1;18;M Diamante Mandarim Diluído cinzento;1;0;0;0;0;0
F1;19;Eq. F Diamante Mandarim Diluído cinzento;1;0;0;0;0;0
F1;20;F Diamante Mandarim Diluído cinzento;1;0;0;0;0;0
F1;21;Eq. M Diamante Mandarim Diluído castanho;1;0;0;0;0;0
F1;22;M Diamante Mandarim Diluído castanho;1;0;0;0;0;0
F1;23;Eq. F Diamante Mandarim Diluído castanho;1;0;0;0;0;0
F1;24;F Diamante Mandarim Diluído castanho;1;0;0;0;0;0
F1;25;Eq. M Diamante Mandarim Peito negro cinzento;1;0;0;0;0;0
F1;26;M Diamante Mandarim Peito negro cinzento;1;0;0;0;0;0
F1;27;Eq. F Diamante Mandarim Peito negro cinzento;1;0;0;0;0;0
F1;28;F Diamante Mandarim Peito negro cinzento;1;0;0;0;0;0
F1;29;Eq. M Diamante Mandarim Peito negro castanho;1;0;0;0;0;0
F1;30;M Diamante Mandarim Peito negro castanho;1;0;0;0;0;0
F1;31;Eq. F Diamante Mandarim Peito negro castanho;1;0;0;0;0;0
F1;32;F Diamante Mandarim Peito negro castanho;1;0;0;0;0;0
F1;33;Eq. M Diamante Mandarim Peito negro dorso claro cinzento;1;0;0;0;0;0
F1;34;M Diamante Mandarim Peito negro dorso claro cinzento;1;0;0;0;0;0
F1;35;Eq. F Diamante Mandarim Peito negro dorso claro cinzento;1;0;0;0;0;0
F1;36;F Diamante Mandarim Peito negro dorso claro cinzento;1;0;0;0;0;0
F1;37;Eq. M Diamante Mandarim Peito negro dorso claro castanho;1;0;0;0;0;0
F1;38;M Diamante Mandarim Peito negro dorso claro castanho;1;0;0;0;0;0
F1;39;Eq. F Diamante Mandarim Peito negro dorso claro castanho;1;0;0;0;0;0
F1;40;F Diamante Mandarim Peito negro dorso claro castanho;1;0;0;0;0;0
F1;41;Eq. M Diamante Mandarim Peito negro diluído cinzento;1;0;0;0;0;0
F1;42;M Diamante Mandarim Peito negro diluído cinzento;1;0;0;0;0;0
F1;43;Eq. F Diamante Mandarim Peito negro diluído cinzento;1;0;0;0;0;0
F1;44;F Diamante Mandarim Peito negro diluído cinzento;1;0;0;0;0;0
F1;45;Eq. M Diamante Mandarim Peito negro diluído castanho;1;0;0;0;0;0
F1;46;M Diamante Mandarim Peito negro diluído castanho;1;0;0;0;0;0
F1;47;Eq. F Diamante Mandarim Peito negro diluído castanho;1;0;0;0;0;0
F1;48;F Diamante Mandarim Peito negro diluído castanho;1;0;0;0;0;0
F1;49;Eq. M Diamante Mandarim Peito laranja cinzento;1;0;0;0;0;0
F1;50;M Diamante Mandarim Peito laranja cinzento;1;0;0;0;0;0
F1;51;Eq. F Diamante Mandarim Peito laranja cinzento;1;0;0;0;0;0
F1;52;F Diamante Mandarim Peito laranja cinzento;1;0;0;0;0;0
F1;53;Eq. M Diamante Mandarim Peito laranja castanho;1;0;0;0;0;0
F1;54;M Diamante Mandarim Peito laranja castanho;1;0;0;0;0;0
F1;55;Eq. F Diamante Mandarim Peito laranja castanho;1;0;0;0;0;0
F1;56;F Diamante Mandarim Peito laranja castanho;1;0;0;0;0;0
F1;57;Eq. M Diamante Mandarim Peito laranja dorso claro cinzento;1;0;0;0;0;0
F1;58;M Diamante Mandarim Peito laranja dorso claro cinzento;1;0;0;0;0;0
F1;59;Eq. F Diamante Mandarim Peito laranja dorso claro cinzento;1;0;0;0;0;0
F1;60;F Diamante Mandarim Peito laranja dorso claro cinzento;1;0;0;0;0;0
F1;61;Eq. M Diamante Mandarim Peito laranja dorso claro castanho;1;0;0;0;0;0
F1;62;M Diamante Mandarim Peito laranja dorso claro castanho;1;0;0;0;0;0
F1;63;Eq. F Diamante Mandarim Peito laranja dorso claro castanho;1;0;0;0;0;0
F1;64;F Diamante Mandarim Peito laranja dorso claro castanho;1;0;0;0;0;0
F1;65;Eq. M Diamante Mandarim Peito laranja diluído cinzento;1;0;0;0;0;0
F1;66;M Diamante Mandarim Peito laranja diluído cinzento;1;0;0;0;0;0
F1;67;Eq. F Diamante Mandarim Peito laranja diluído cinzento;1;0;0;0;0;0
F1;68;F Diamante Mandarim Peito laranja diluído cinzento;1;0;0;0;0;0
F1;69;Eq. M Diamante Mandarim Peito laranja diluído castanho;1;0;0;0;0;0
F1;70;M Diamante Mandarim Peito laranja diluído castanho;1;0;0;0;0;0
F1;71;Eq. F Diamante Mandarim Peito laranja diluído castanho;1;0;0;0;0;0
F1;72;F Diamante Mandarim Peito laranja diluído castanho;1;0;0;0;0;0
F1;73;Eq. M Diamante Mandarim Face negra cinzento;1;0;0;0;0;0
F1;74;M Diamante Mandarim Face negra cinzento;1;0;0;0;0;0
F1;75;Eq. F Diamante Mandarim Face negra cinzento;1;0;0;0;0;0
F1;76;F Diamante Mandarim Face negra cinzento;1;0;0;0;0;0
F1;77;Eq. M Diamante Mandarim Face negra castanho;1;0;0;0;0;0
F1;78;M Diamante Mandarim Face negra castanho;1;0;0;0;0;0
F1;79;Eq. F Diamante Mandarim Face negra castanho;1;0;0;0;0;0
F1;80;F Diamante Mandarim Face negra castanho;1;0;0;0;0;0
F1;81;Eq. M Diamante Mandarim Face negra dorso claro cinzento;1;0;0;0;0;0
F1;82;M Diamante Mandarim Face negra dorso claro cinzento;1;0;0;0;0;0
F1;83;Eq. F Diamante Mandarim Face negra dorso claro cinzento;1;0;0;0;0;0
F1;84;F Diamante Mandarim Face negra dorso claro cinzento;1;0;0;0;0;0
F1;85;Eq. M Diamante Mandarim Face negra dorso claro castanho;1;0;0;0;0;0
F1;86;M Diamante Mandarim Face negra dorso claro castanho;1;0;0;0;0;0
F1;87;Eq. F Diamante Mandarim Face negra dorso claro castanho;1;0;0;0;0;0
F1;88;F Diamante Mandarim Face negra dorso claro castanho;1;0;0;0;0;0
F1;89;Eq. M Diamante Mandarim Face negra diluído cinzento;1;0;0;0;0;0
F1;90;M Diamante Mandarim Face negra diluído cinzento;1;0;0;0;0;0
F1;91;Eq. F Diamante Mandarim Face negra diluído cinzento;1;0;0;0;0;0
F1;92;F Diamante Mandarim Face negra diluído cinzento;1;0;0;0;0;0
F1;93;Eq. M Diamante Mandarim Face negra diluído castanho;1;0;0;0;0;0
F1;94;M Diamante Mandarim Face negra diluído castanho;1;0;0;0;0;0
F1;95;Eq. F Diamante Mandarim Face negra diluído castanho;1;0;0;0;0;0
F1;96;F Diamante Mandarim Face negra diluído castanho;1;0;0;0;0;0
F1;97;Eq. M Diamante Mandarim Bochecha negra cinzento;1;0;0;0;0;0
F1;98;M Diamante Mandarim Bochecha negra cinzento;1;0;0;0;0;0
F1;99;Eq. F Diamante Mandarim Bochecha negra cinzento;1;0;0;0;0;0
F1;100;F Diamante Mandarim Bochecha negra cinzento;1;0;0;0;0;0
F1;101;Eq. M Diamante Mandarim Bochecha negra castanho;1;0;0;0;0;0
F1;102;M Diamante Mandarim Bochecha negra castanho;1;0;0;0;0;0
F1;103;Eq. F Diamante Mandarim Bochecha negra castanho;1;0;0;0;0;0
F1;104;F Diamante Mandarim Bochecha negra castanho;1;0;0;0;0;0
F1;105;Eq. M Diamante Mandarim Bochecha negra dorso claro cinzento;1;0;0;0;0;0
F1;106;M Diamante Mandarim Bochecha negra dorso claro cinzento;1;0;0;0;0;0
F1;107;Eq. F Diamante Mandarim Bochecha negra dorso claro cinzento;1;0;0;0;0;0
F1;108;F Diamante Mandarim Bochecha negra dorso claro cinzento;1;0;0;0;0;0
F1;109;Eq. M Diamante Mandarim Bochecha negra dorso claro castanho;1;0;0;0;0;0
F1;110;M Diamante Mandarim Bochecha negra dorso claro castanho;1;0;0;0;0;0
F1;111;Eq. F Diamante Mandarim Bochecha negra dorso claro castanho;1;0;0;0;0;0
F1;112;F Diamante Mandarim Bochecha negra dorso claro castanho;1;0;0;0;0;0
F1;113;Eq. M Diamante Mandarim Bochecha negra diluído cinzento;1;0;0;0;0;0
F1;114;M Diamante Mandarim Bochecha negra diluído cinzento;1;0;0;0;0;0
F1;115;Eq. F Diamante Mandarim Bochecha negra diluído cinzento;1;0;0;0;0;0
F1;116;F Diamante Mandarim Bochecha negra diluído cinzento;1;0;0;0;0;0
F1;117;Eq. M Diamante Mandarim Bochecha negra diluído castanho;1;0;0;0;0;0
F1;118;M Diamante Mandarim Bochecha negra diluído castanho;1;0;0;0;0;0
F1;119;Eq. F Diamante Mandarim Bochecha negra diluído castanho;1;0;0;0;0;0
F1;120;F Diamante Mandarim Bochecha negra diluído castanho;1;0;0;0;0;0
F1;121;Eq. M Diamante Mandarim Pastel cinzento;1;0;0;0;0;0
F1;122;M Diamante Mandarim Pastel cinzento;1;0;0;0;0;0
F1;123;Eq. F Diamante Mandarim Pastel cinzento;1;0;0;0;0;0
F1;124;F Diamante Mandarim Pastel cinzento;1;0;0;0;0;0
F1;125;Eq. M Diamante Mandarim Pastel castanho;1;0;0;0;0;0
F1;126;M Diamante Mandarim Pastel castanho;1;0;0;0;0;0
F1;127;Eq. F Diamante Mandarim Pastel castanho;1;0;0;0;0;0
F1;128;F Diamante Mandarim Pastel castanho;1;0;0;0;0;0
F1;129;Eq. M Diamante Mandarim Pastel dorso claro cinzento;1;0;0;0;0;0
F1;130;M Diamante Mandarim Pastel dorso claro cinzento;1;0;0;0;0;0
F1;131;Eq. F Diamante Mandarim Pastel dorso claro cinzento;1;0;0;0;0;0
F1;132;F Diamante Mandarim Pastel dorso claro cinzento;1;0;0;0;0;0
F1;133;Eq. M Diamante Mandarim Pastel dorso claro castanho;1;0;0;0;0;0
F1;134;M Diamante Mandarim Pastel dorso claro castanho;1;0;0;0;0;0
F1;135;Eq. F Diamante Mandarim Pastel dorso claro castanho;1;0;0;0;0;0
F1;136;F Diamante Mandarim Pastel dorso claro castanho;1;0;0;0;0;0
F1;137;Eq. M Diamante Mandarim Pastel diluído cinzento;1;0;0;0;0;0
F1;138;M Diamante Mandarim Pastel diluído cinzento;1;0;0;0;0;0
F1;139;Eq. F Diamante Mandarim Pastel diluído cinzento;1;0;0;0;0;0
F1;140;F Diamante Mandarim Pastel diluído cinzento;1;0;0;0;0;0
F1;141;Eq. M Diamante Mandarim Pastel diluído castanho;1;0;0;0;0;0
F1;142;M Diamante Mandarim Pastel diluído castanho;1;0;0;0;0;0
F1;143;Eq. F Diamante Mandarim Pastel diluído castanho;1;0;0;0;0;0
F1;144;F Diamante Mandarim Pastel diluído castanho;1;0;0;0;0;0
F1;145;Eq. M Diamante Mandarim Topázio (ex-ágata) cinzento;1;0;0;0;0;0
F1;146;M Diamante Mandarim Topázio (ex-ágata) cinzento;1;0;0;0;0;0
F1;147;Eq. F Diamante Mandarim Topázio (ex-ágata) cinzento;1;0;0;0;0;0
F1;148;F Diamante Mandarim Topázio (ex-ágata) cinzento;1;0;0;0;0;0
F1;149;Eq. M Diamante Mandarim Topázio (ex-ágata) castanho;1;0;0;0;0;0
F1;150;M Diamante Mandarim Topázio (ex-ágata) castanho;1;0;0;0;0;0
F1;151;Eq. F Diamante Mandarim Topázio (ex-ágata) castanho;1;0;0;0;0;0
F1;152;F Diamante Mandarim Topázio (ex-ágata) castanho;1;0;0;0;0;0
F1;153;Eq. M Diamante Mandarim Topázio (ex-ágata) dorso claro cinzento;1;0;0;0;0;0
F1;154;M Diamante Mandarim Topázio (ex-ágata) dorso claro cinzento;1;0;0;0;0;0
F1;155;Eq. F Diamante Mandarim Topázio (ex-ágata) dorso claro cinzento;1;0;0;0;0;0
F1;156;F Diamante Mandarim Topázio (ex-ágata) dorso claro cinzento;1;0;0;0;0;0
F1;157;Eq. M Diamante Mandarim Topázio (ex-ágata) dorso claro castanho;1;0;0;0;0;0
F1;158;M Diamante Mandarim Topázio (ex-ágata) dorso claro castanho;1;0;0;0;0;0
F1;159;Eq. F Diamante Mandarim Topázio (ex-ágata) dorso claro castanho;1;0;0;0;0;0
F1;160;F Diamante Mandarim Topázio (ex-ágata) dorso claro castanho;1;0;0;0;0;0
F1;161;Eq. M Diamante Mandarim Topázio (ex-ágata) diluído cinzento;1;0;0;0;0;0
F1;162;M Diamante Mandarim Topázio (ex-ágata) diluído cinzento;1;0;0;0;0;0
F1;163;Eq. F Diamante Mandarim Topázio (ex-ágata) diluído cinzento;1;0;0;0;0;0
F1;164;F Diamante Mandarim Topázio (ex-ágata) diluído cinzento;1;0;0;0;0;0
F1;165;Eq. M Diamante Mandarim Topázio (ex-ágata) diluído castanho;1;0;0;0;0;0
F1;166;M Diamante Mandarim Topázio (ex-ágata) diluído castanho;1;0;0;0;0;0
F1;167;Eq. F Diamante Mandarim Topázio (ex-ágata) diluído castanho;1;0;0;0;0;0
F1;168;F Diamante Mandarim Topázio (ex-ágata) diluído castanho;1;0;0;0;0;0
F1;169;Eq. M Diamante Mandarim Phaeo (ex-Isabel) cinzento;1;0;0;0;0;0
F1;170;M Diamante Mandarim Phaeo (ex-Isabel) cinzento;1;0;0;0;0;0
F1;171;Eq. F Diamante Mandarim Phaeo (ex-Isabel) cinzento;1;0;0;0;0;0
F1;172;F Diamante Mandarim Phaeo (ex-Isabel) cinzento;1;0;0;0;0;0
F1;173;Eq. M Diamante Mandarim Phaeo (ex-Isabel) castanho;1;0;0;0;0;0
F1;174;M Diamante Mandarim Phaeo (ex-Isabel) castanho;1;0;0;0;0;0
F1;175;Eq. F Diamante Mandarim Phaeo (ex-Isabel) castanho;1;0;0;0;0;0
F1;176;F Diamante Mandarim Phaeo (ex-Isabel) castanho;1;0;0;0;0;0
F1;177;Eq. M Diamante Mandarim Bochecha cinzenta;1;0;0;0;0;0
F1;178;M Diamante Mandarim Bochecha cinzenta;1;0;0;0;0;0
F1;179;Eq. F Diamante Mandarim Bochecha cinzenta;1;0;0;0;0;0
F1;180;F Diamante Mandarim Bochecha cinzenta;1;0;0;0;0;0
F1;181;Eq. M Diamante Mandarim Bochecha castanha;1;0;0;0;0;0
F1;182;M Diamante Mandarim Bochecha castanha;1;0;0;0;0;0
F1;183;Eq. F Diamante Mandarim Bochecha castanha;1;0;0;0;0;0
F1;184;F Diamante Mandarim Bochecha castanha;1;0;0;0;0;0
F1;185;Eq. M Diamante Mandarim Peito branco cinzento;1;0;0;0;0;0
F1;186;M Diamante Mandarim Peito branco cinzento;1;0;0;0;0;0
F1;187;Eq. F Diamante Mandarim Peito branco cinzento;1;0;0;0;0;0
F1;188;F Diamante Mandarim Peito branco cinzento;1;0;0;0;0;0
F1;189;Eq. M Diamante Mandarim Peito branco castanho;1;0;0;0;0;0
F1;190;M Diamante Mandarim Peito branco castanho;1;0;0;0;0;0
F1;191;Eq. F Diamante Mandarim Peito branco castanho;1;0;0;0;0;0
F1;192;F Diamante Mandarim Peito branco castanho;1;0;0;0;0;0
F1;193;Eq. Diamante Mandarim Branco;1;0;0;0;0;0
F1;194;Diamante Mandarim Branco;1;0;0;0;0;0
F1;195;Eq. Diamante Mandarim Selado cinzento;1;0;0;0;0;0
F1;196;Diamante Mandarim Selado cinzento;1;0;0;0;0;0
F1;197;Eq. Diamante Mandarim Selado castanho;1;0;0;0;0;0
F1;198;Diamante Mandarim Selado castanho;1;0;0;0;0;0
F1;199;Eq. M Diamante Mandarim Bico amarelo, todas as cores;1;0;0;0;0;0
F1;200;M Diamante Mandarim Bico amarelo, todas as cores;1;0;0;0;0;0
F1;201;Eq. F Diamante Mandarim Bico amarelo, todas as cores;1;0;0;0;0;0
F1;202;F Diamante Mandarim Bico amarelo, todas as cores;1;0;0;0;0;0
F1;203;Eq. M Diamante Mandarim Com poupa, todas as cores;1;0;0;0;0;0
F1;204;M Diamante Mandarim Com poupa, todas as cores;1;0;0;0;0;0
F1;205;Eq. F Diamante Mandarim Com poupa, todas as cores;1;0;0;0;0;0
F1;206;F Diamante Mandarim Com poupa, todas as cores;1;0;0;0;0;0
F1;207;Eq. M Diamante Mandarim Eumo, todas as cores;1;0;0;0;0;0
F1;208;M Diamante Mandarim Eumo, todas as cores;1;0;0;0;0;0
F1;209;Eq. F Diamante Mandarim Eumo, todas as cores;1;0;0;0;0;0
F1;210;F Diamante Mandarim Eumo, todas as cores;1;0;0;0;0;0
F1;211;Eq. M Diamante Mandarim Outros: cinzentos com combinações de mutações com peito laranja;1;0;0;0;0;0
F1;212;M Diamante Mandarim Outros: cinzentos com combinações de mutações com peito laranja;1;0;0;0;0;0
F1;213;Eq. F Diamante Mandarim Outros: cinzentos com combinações de mutações com peito laranja;1;0;0;0;0;0
F1;214;F Diamante Mandarim Outros: cinzentos com combinações de mutações com peito laranja;1;0;0;0;0;0
F1;215;Eq. M Diamante Mandarim Outros: cinzentos com combinações de mutações sem peito laranja;1;0;0;0;0;0
F1;216;M Diamante Mandarim Outros: cinzentos com combinações de mutações sem peito laranja;1;0;0;0;0;0
F1;217;Eq. F Diamante Mandarim Outros: cinzentos com combinações de mutações sem peito laranja;1;0;0;0;0;0
F1;218;F Diamante Mandarim Outros: cinzentos com combinações de mutações sem peito laranja;1;0;0;0;0;0
F1;219;Eq. M Diamante Mandarim Outros: castanhos com combinações de mutações com peito laranja;1;0;0;0;0;0
F1;220;M Diamante Mandarim Outros: castanhos com combinações de mutações com peito laranja;1;0;0;0;0;0
F1;221;Eq. F Diamante Mandarim Outros: castanhos com combinações de mutações com peito laranja;1;0;0;0;0;0
F1;222;F Diamante Mandarim Outros: castanhos com combinações de mutações com peito laranja;1;0;0;0;0;0
F1;223;Eq. M Diamante Mandarim Outros: castanhos com combinações de mutações sem peito laranja;1;0;0;0;0;0
F1;224;M Diamante Mandarim Outros: castanhos com combinações de mutações sem peito laranja;1;0;0;0;0;0
F1;225;Eq. F Diamante Mandarim Outros: castanhos com combinações de mutações sem peito laranja;1;0;0;0;0;0
F1;226;F Diamante Mandarim Outros: castanhos com combinações de mutações sem peito laranja;1;0;0;0;0;0
F1;227;Eq. M Diamante Mandarim Outros: combinações de mutações com peito laranja com face negra;1;0;0;0;0;0
F1;228;M Diamante Mandarim Outros: combinações de mutações com peito laranja com face negra;1;0;0;0;0;0
F1;229;Eq. F Diamante Mandarim Outros: combinações de mutações com peito laranja com face negra;1;0;0;0;0;0
F1;230;F Diamante Mandarim Outros: combinações de mutações com peito laranja com face negra;1;0;0;0;0;0
F1;231;Eq. Diamante Mandarim novas mutações em estudo (sem prémios);1;0;0;0;0;0
F1;232;Diamante Mandarim novas mutações em estudo (sem prémios);1;0;0;0;0;0
F1;233;Eq. Bengalim do Japão Preto-castanho;1;0;0;0;0;0
F1;234;Bengalim do Japão Preto-castanho;1;0;0;0;0;0
F1;235;Eq. Bengalim do Japão Moca-castanho;1;0;0;0;0;0
F1;236;Bengalim do Japão Moca-castanho;1;0;0;0;0;0
F1;237;Eq. Bengalim do Japão Vermelho-castanho;1;0;0;0;0;0
F1;238;Bengalim do Japão Vermelho-castanho;1;0;0;0;0;0
F1;239;Eq. Bengalim do Japão Preto-cinzento;1;0;0;0;0;0
F1;240;Bengalim do Japão Preto-cinzento;1;0;0;0;0;0
F1;241;Eq. Bengalim do Japão Moca-cinzento;1;0;0;0;0;0
F1;242;Bengalim do Japão Moca-cinzento;1;0;0;0;0;0
F1;243;Eq. Bengalim do Japão Vermelho-cinzento;1;0;0;0;0;0
F1;244;Bengalim do Japão Vermelho-cinzento;1;0;0;0;0;0
F1;245;Eq. Bengalim do Japão Pastel Castanho;1;0;0;0;0;0
F1;246;Bengalim do Japão Pastel Castanho;1;0;0;0;0;0
F1;247;Eq. Bengalim do Japão Pastel Cinzento;1;0;0;0;0;0
F1;248;Bengalim do Japão Pastel Cinzento;1;0;0;0;0;0
F1;249;Eq. Bengalim do Japão Asas-claras;1;0;0;0;0;0
F1;250;Bengalim do Japão Asas-claras;1;0;0;0;0;0
F1;251;Eq. Bengalim do Japão Ino castanho;1;0;0;0;0;0
F1;252;Bengalim do Japão Ino castanho;1;0;0;0;0;0
F1;253;Eq. Bengalim do Japão Ino cinzento;1;0;0;0;0;0
F1;254;Bengalim do Japão Ino cinzento;1;0;0;0;0;0
F1;255;Eq. Bengalim do Japão Albino;1;0;0;0;0;0
F1;256;Bengalim do Japão Albino;1;0;0;0;0;0
F1;257;Eq. Bengalim do Japão Perolado cinzento;1;0;0;0;0;0
F1;258;Bengalim do Japão Perolado cinzento;1;0;0;0;0;0
F1;259;Eq. Bengalim do Japão Perolado castanho;1;0;0;0;0;0
F1;260;Bengalim do Japão Perolado castanho;1;0;0;0;0;0
F1;261;Eq. Bengalim do Japão Branco;1;0;0;0;0;0
F1;262;Bengalim do Japão Branco;1;0;0;0;0;0
F1;263;Eq. Bengalim do Japão Selado e Selado com calota cinzento;1;0;0;0;0;0
F1;264;Bengalim do Japão Selado e Selado com calota cinzento;1;0;0;0;0;0
F1;265;Eq. Bengalim do Japão Selado e Selado com calota castanho;1;0;0;0;0;0
F1;266;Bengalim do Japão Selado e Selado com calota castanho;1;0;0;0;0;0
F1;267;Eq. Bengalim do Japão Com poupa, Frisado, todas as cores;1;0;0;0;0;0
F1;268;Bengalim do Japão Com poupa, Frisado, todas as cores;1;0;0;0;0;0
F1;269;Eq. Bengalim do Japão Outros: combinações de mutação;1;0;0;0;0;0
F1;270;Bengalim do Japão Outros: combinações de mutação;1;0;0;0;0;0
F1;271;Eq. Bengalim do Japão Novas mutações em estudo (sem prémios);1;0;0;0;0;0
F1;272;Bengalim do Japão Novas mutações em estudo (sem prémios);1;0;0;0;0;0
F1;273;Eq. Pardal de Java Cinzento;1;0;0;0;0;0
F1;274;Pardal de Java Cinzento;1;0;0;0;0;0
F1;275;Eq. Pardal de Java Branco;1;0;0;0;0;0
F1;276;Pardal de Java Branco;1;0;0;0;0;0
F1;277;Eq. Pardal de Java Pastel;1;0;0;0;0;0
F1;278;Pardal de Java Pastel;1;0;0;0;0;0
F1;279;Eq. Pardal de Java Opala;1;0;0;0;0;0
F1;280;Pardal de Java Opala;1;0;0;0;0;0
F1;281;Eq. Pardal de Java Phaeo;1;0;0;0;0;0
F1;282;Pardal de Java Phaeo;1;0;0;0;0;0
F1;283;Eq. Pardal de Java Topázio;1;0;0;0;0;0
F1;284;Pardal de Java Topázio;1;0;0;0;0;0
F1;285;Eq. Pardal de Java Outros: combinações de mutação;1;0;0;0;0;0
F1;286;Pardal de Java Outros: combinações de mutação;1;0;0;0;0;0
F1;287;Eq. Pardal de Java Novas mutações em estudo (sem prémios);1;0;0;0;0;0
F1;288;Pardal de Java Novas mutações em estudo (sem prémios);1;0;0;0;0;0
F1;289;Eq. M Diamante de Gould Clássico cabeça preta;1;0;0;0;0;0
F1;290;M Diamante de Gould Clássico cabeça preta;1;0;0;0;0;0
F1;291;Eq. F Diamante de Gould Clássico cabeça preta;1;0;0;0;0;0
F1;292;F Diamante de Gould Clássico cabeça preta;1;0;0;0;0;0
F1;293;Eq. M Diamante de Gould Clássico cabeça vermelha;1;0;0;0;0;0
F1;294;M Diamante de Gould Clássico cabeça vermelha;1;0;0;0;0;0
F1;295;Eq. F Diamante de Gould Clássico cabeça vermelha;1;0;0;0;0;0
F1;296;F Diamante de Gould Clássico cabeça vermelha;1;0;0;0;0;0
F1;297;Eq. M Diamante de Gould Clássico cabeça laranja;1;0;0;0;0;0
F1;298;M Diamante de Gould Clássico cabeça laranja;1;0;0;0;0;0
F1;299;Eq. F Diamante de Gould Clássico cabeça laranja;1;0;0;0;0;0
F1;300;F Diamante de Gould Clássico cabeça laranja;1;0;0;0;0;0
F1;301;Eq. M Diamante de Gould Peito branco cabeça preta;1;0;0;0;0;0
F1;302;M Diamante de Gould Peito branco cabeça preta;1;0;0;0;0;0
F1;303;Eq. F Diamante de Gould Peito branco cabeça preta;1;0;0;0;0;0
F1;304;F Diamante de Gould Peito branco cabeça preta;1;0;0;0;0;0
F1;305;Eq. M Diamante de Gould Peito branco cabeça vermelha;1;0;0;0;0;0
F1;306;M Diamante de Gould Peito branco cabeça vermelha;1;0;0;0;0;0
F1;307;Eq. F Diamante de Gould Peito branco cabeça vermelha;1;0;0;0;0;0
F1;308;F Diamante de Gould Peito branco cabeça vermelha;1;0;0;0;0;0
F1;309;Eq. M Diamante de Gould Peito branco cabeça laranja;1;0;0;0;0;0
F1;310;M Diamante de Gould Peito branco cabeça laranja;1;0;0;0;0;0
F1;311;Eq. F Diamante de Gould Peito branco cabeça laranja;1;0;0;0;0;0
F1;312;F Diamante de Gould Peito branco cabeça laranja;1;0;0;0;0;0
F1;313;Eq. M Diamante de Gould Peito lilás cabeça preta;1;0;0;0;0;0
F1;314;M Diamante de Gould Peito lilás cabeça preta;1;0;0;0;0;0
F1;315;Eq. F Diamante de Gould Peito lilás cabeça preta;1;0;0;0;0;0
F1;316;F Diamante de Gould Peito lilás cabeça preta;1;0;0;0;0;0
F1;317;Eq. M Diamante de Gould Peito lilás cabeça vermelha;1;0;0;0;0;0
F1;318;M Diamante de Gould Peito lilás cabeça vermelha;1;0;0;0;0;0
F1;319;Eq. F Diamante de Gould Peito lilás cabeça vermelha;1;0;0;0;0;0
F1;320;F Diamante de Gould Peito lilás cabeça vermelha;1;0;0;0;0;0
F1;321;Eq. M Diamante de Gould Peito lilás cabeça laranja;1;0;0;0;0;0
F1;322;M Diamante de Gould Peito lilás cabeça laranja;1;0;0;0;0;0
F1;323;Eq. F Diamante de Gould Peito lilás cabeça laranja;1;0;0;0;0;0
F1;324;F Diamante de Gould Peito lilás cabeça laranja;1;0;0;0;0;0
F1;325;Eq. Diamante de Gould Pastel 1 fator cabeça preta;1;0;0;0;0;0
F1;326;Diamante de Gould Pastel 1 fator cabeça preta;1;0;0;0;0;0
F1;327;Eq. Diamante de Gould Pastel 1 fator cabeça vermelha;1;0;0;0;0;0
F1;328;Diamante de Gould Pastel 1 fator cabeça vermelha;1;0;0;0;0;0
F1;329;Eq. Diamante de Gould Pastel 1 fator cabeça laranja;1;0;0;0;0;0
F1;330;Diamante de Gould Pastel 1 fator cabeça laranja;1;0;0;0;0;0
F1;331;Eq. M Diamante de Gould Pastel 2 fatores cabeça preta;1;0;0;0;0;0
F1;332;M Diamante de Gould Pastel 2 fatores cabeça preta;1;0;0;0;0;0
F1;333;Eq. F Diamante de Gould Pastel 2 fatores cabeça preta;1;0;0;0;0;0
F1;334;F Diamante de Gould Pastel 2 fatores cabeça preta;1;0;0;0;0;0
F1;335;Eq. M Diamante de Gould Pastel 2 fatores cabeça vermelha;1;0;0;0;0;0
F1;336;M Diamante de Gould Pastel 2 fatores cabeça vermelha;1;0;0;0;0;0
F1;337;Eq. F Diamante de Gould Pastel 2 fatores cabeça vermelha;1;0;0;0;0;0
F1;338;F Diamante de Gould Pastel 2 fatores cabeça vermelha;1;0;0;0;0;0
F1;339;Eq. M Diamante de Gould Pastel 2 fatores cabeça laranja;1;0;0;0;0;0
F1;340;M Diamante de Gould Pastel 2 fatores cabeça laranja;1;0;0;0;0;0
F1;341;Eq. F Diamante de Gould Pastel 2 fatores cabeça laranja;1;0;0;0;0;0
F1;342;F Diamante de Gould Pastel 2 fatores cabeça laranja;1;0;0;0;0;0
F1;343;Eq. Diamante de Gould Pastel 1 fator peito branco, cabeça preta;1;0;0;0;0;0
F1;344;Diamante de Gould Pastel 1 fator peito branco, cabeça preta;1;0;0;0;0;0
F1;345;Eq. Diamante de Gould Pastel 1 fator peito branco, cabeça vermelha;1;0;0;0;0;0
F1;346;Diamante de Gould Pastel 1 fator peito branco, cabeça vermelha;1;0;0;0;0;0
F1;347;Eq. Diamante de Gould Pastel 1 fator peito branco, cabeça laranja;1;0;0;0;0;0
F1;348;Diamante de Gould Pastel 1 fator peito branco, cabeça laranja;1;0;0;0;0;0
F1;349;Eq. M Diamante de Gould Pastel 2 fatores peito branco, cabeça preta;1;0;0;0;0;0
F1;350;M Diamante de Gould Pastel 2 fatores peito branco, cabeça preta;1;0;0;0;0;0
F1;351;Eq. F Diamante de Gould Pastel 2 fatores peito branco, cabeça preta;1;0;0;0;0;0
F1;352;F Diamante de Gould Pastel 2 fatores peito branco, cabeça preta;1;0;0;0;0;0
F1;353;Eq. M Diamante de Gould Pastel 2 fatores peito branco, cabeça vermelha;1;0;0;0;0;0
F1;354;M Diamante de Gould Pastel 2 fatores peito branco, cabeça vermelha;1;0;0;0;0;0
F1;355;Eq. Diamante de Gould Pastel 2 fatores peito branco, cabeça laranja;1;0;0;0;0;0
F1;356;Diamante de Gould Pastel 2 fatores peito branco, cabeça laranja;1;0;0;0;0;0
F1;357;Eq. M Diamante de Gould Azul peito roxo cabeça preta;1;0;0;0;0;0
F1;358;M Diamante de Gould Azul peito roxo cabeça preta;1;0;0;0;0;0
F1;359;Eq. F Diamante de Gould Azul peito roxo cabeça preta;1;0;0;0;0;0
F1;360;F Diamante de Gould Azul peito roxo cabeça preta;1;0;0;0;0;0
F1;361;Eq. M Diamante de Gould Azul peito roxo cabeça vermelha/laranja;1;0;0;0;0;0
F1;362;M Diamante de Gould Azul peito roxo cabeça vermelha/laranja;1;0;0;0;0;0
F1;363;Eq. F Diamante de Gould Azul peito roxo cabeça vermelha/laranja;1;0;0;0;0;0
F1;364;F Diamante de Gould Azul peito roxo cabeça vermelha/laranja;1;0;0;0;0;0
F1;365;Eq. M Diamante de Gould Azul peito branco cabeça preta;1;0;0;0;0;0
F1;366;M Diamante de Gould Azul peito branco cabeça preta;1;0;0;0;0;0
F1;367;Eq. F Diamante de Gould Azul peito branco cabeça preta;1;0;0;0;0;0
F1;368;F Diamante de Gould Azul peito branco cabeça preta;1;0;0;0;0;0
F1;369;Eq. M Diamante de Gould Azul peito branco cabeça vermelha/laranja;1;0;0;0;0;0
F1;370;M Diamante de Gould Azul peito branco cabeça vermelha/laranja;1;0;0;0;0;0
F1;371;Eq. F Diamante de Gould Azul peito branco cabeça vermelha/laranja;1;0;0;0;0;0
F1;372;F Diamante de Gould Azul peito branco cabeça vermelha/laranja;1;0;0;0;0;0
F1;373;Eq. M Diamante de Gould Azul peito lilás cabeça preta;1;0;0;0;0;0
F1;374;M Diamante de Gould Azul peito lilás cabeça preta;1;0;0;0;0;0
F1;375;Eq. F Diamante de Gould Azul peito lilás cabeça preta;1;0;0;0;0;0
F1;376;F Diamante de Gould Azul peito lilás cabeça preta;1;0;0;0;0;0
F1;377;Eq. M Diamante de Gould Azul peito lilás cabeça vermelha/laranja;1;0;0;0;0;0
F1;378;M Diamante de Gould Azul peito lilás cabeça vermelha/laranja;1;0;0;0;0;0
F1;379;Eq. F Diamante de Gould Azul peito lilás cabeça vermelha/laranja;1;0;0;0;0;0
F1;380;F Diamante de Gould Azul peito lilás cabeça vermelha/laranja;1;0;0;0;0;0
F1;381;Eq. Diamante de Gould Azul Pastel 1 fator cabeça preta;1;0;0;0;0;0
F1;382;Diamante de Gould Azul Pastel 1 fator cabeça preta;1;0;0;0;0;0
F1;383;Eq. Diamante de Gould Azul Pastel 1 fator cabeça vermelha;1;0;0;0;0;0
F1;384;Diamante de Gould Azul Pastel 1 fator cabeça vermelha;1;0;0;0;0;0
F1;385;Eq. Diamante de Gould Azul Pastel 1 fator cabeça laranja;1;0;0;0;0;0
F1;386;Diamante de Gould Azul Pastel 1 fator cabeça laranja;1;0;0;0;0;0
F1;387;Eq. M Diamante de Gould Azul Pastel 2 fatores cabeça preta;1;0;0;0;0;0
F1;388;M Diamante de Gould Azul Pastel 2 fatores cabeça preta;1;0;0;0;0;0
F1;389;Eq. F Diamante de Gould Azul Pastel 2 fatores cabeça preta;1;0;0;0;0;0
F1;390;F Diamante de Gould Azul Pastel 2 fatores cabeça preta;1;0;0;0;0;0
F1;391;Eq. M Diamante de Gould Azul Pastel 2 fatores cabeça vermelha;1;0;0;0;0;0
F1;392;M Diamante de Gould Azul Pastel 2 fatores cabeça vermelha;1;0;0;0;0;0
F1;393;Eq. F Diamante de Gould Azul Pastel 2 fatores cabeça vermelha;1;0;0;0;0;0
F1;394;F Diamante de Gould Azul Pastel 2 fatores cabeça vermelha;1;0;0;0;0;0
F1;395;Eq. M Diamante de Gould Azul Pastel 2 fatores cabeça laranja;1;0;0;0;0;0
F1;396;M Diamante de Gould Azul Pastel 2 fatores cabeça laranja;1;0;0;0;0;0
F1;397;Eq. F Diamante de Gould Azul Pastel 2 fatores cabeça laranja;1;0;0;0;0;0
F1;398;F Diamante de Gould Azul Pastel 2 fatores cabeça laranja;1;0;0;0;0;0
F1;399;Eq. Diamante de Gould Azul Pastel, 1 fator, peito branco cabeça preta;1;0;0;0;0;0
F1;400;Diamante de Gould Azul Pastel, 1 fator, peito branco cabeça preta;1;0;0;0;0;0
F1;401;Eq. Diamante de Gould Azul Pastel, 1 fator, peito branco cabeça vermelha;1;0;0;0;0;0
F1;402;Diamante de Gould Azul Pastel, 1 fator, peito branco cabeça vermelha;1;0;0;0;0;0
F1;403;Eq. Diamante de Gould Azul Pastel, 1 fator, peito branco cabeça laranja;1;0;0;0;0;0
F1;404;Diamante de Gould Azul Pastel, 1 fator, peito branco cabeça laranja;1;0;0;0;0;0
F1;405;Eq. M Diamante de Gould Azul Pastel 2 fatores, peito branco, cabeça preta;1;0;0;0;0;0
F1;406;M Diamante de Gould Azul Pastel 2 fatores, peito branco, cabeça preta;1;0;0;0;0;0
F1;407;Eq. F Diamante de Gould Azul Pastel 2 fatores, peito branco, cabeça preta;1;0;0;0;0;0
F1;408;F Diamante de Gould Azul Pastel 2 fatores, peito branco, cabeça preta;1;0;0;0;0;0
F1;409;Eq. M Diamante de Gould Azul Pastel 2 fatores, peito branco, cabeça vermelha;1;0;0;0;0;0
F1;410;M Diamante de Gould Azul Pastel 2 fatores, peito branco, cabeça vermelha;1;0;0;0;0;0
F1;411;Eq. F Diamante de Gould Azul Pastel 2 fatores, peito branco, cabeça vermelha;1;0;0;0;0;0
F1;412;F Diamante de Gould Azul Pastel 2 fatores, peito branco, cabeça vermelha;1;0;0;0;0;0
F1;413;Eq. M Diamante de Gould Azul Pastel 2 fatores, peito branco, cabeça laranja;1;0;0;0;0;0
F1;414;M Diamante de Gould Azul Pastel 2 fatores, peito branco, cabeça laranja;1;0;0;0;0;0
F1;415;Eq. F Diamante de Gould Azul Pastel 2 fatores, peito branco, cabeça laranja;1;0;0;0;0;0
F1;416;F Diamante de Gould Azul Pastel 2 fatores, peito branco, cabeça laranja;1;0;0;0;0;0
F1;417;Eq. M Diamante de Gould Lutino Cabeça Preta;1;0;0;0;0;0
F1;418;M Diamante de Gould Lutino Cabeça Preta;1;0;0;0;0;0
F1;419;Eq. F Diamante de Gould Lutino Cabeça Preta;1;0;0;0;0;0
F1;420;F Diamante de Gould Lutino Cabeça Preta;1;0;0;0;0;0
F1;421;Eq. M Diamante de Gould Lutino Cabeça Vermelha;1;0;0;0;0;0
F1;422;M Diamante de Gould Lutino Cabeça Vermelha;1;0;0;0;0;0
F1;423;Eq. F Diamante de Gould Lutino Cabeça Vermelha;1;0;0;0;0;0
F1;424;F Diamante de Gould Lutino Cabeça Vermelha;1;0;0;0;0;0
F1;425;Eq. M Diamante de Gould Lutino Cabeça Laranja;1;0;0;0;0;0
F1;426;M Diamante de Gould Lutino Cabeça Laranja;1;0;0;0;0;0
F1;427;Eq. F Diamante de Gould Lutino Cabeça Laranja;1;0;0;0;0;0
F1;428;F Diamante de Gould Lutino Cabeça Laranja;1;0;0;0;0;0
F1;429;Eq. M Diamante de Gould Azul Ino;1;0;0;0;0;0
F1;430;M Diamante de Gould Azul Ino;1;0;0;0;0;0
F1;431;Eq. F Diamante de Gould Azul Ino;1;0;0;0;0;0
F1;432;F Diamante de Gould Azul Ino;1;0;0;0;0;0
F1;433;Eq. Diamante de Gould Outros: combinações de mutação;1;0;0;0;0;0
F1;434;Diamante de Gould Outros: combinações de mutação;1;0;0;0;0;0
F1;435;Eq. Diamante de Gould Novas mutações em estudo (sem prémios);1;0;0;0;0;0
F1;436;Diamante de Gould Novas mutações em estudo (sem prémios);1;0;0;0;0;0
F1;437;Eq. Diamante Babete de Cauda Longa Bico Amarelo Clássico;1;0;0;0;0;0
F1;438;Diamante Babete de Cauda Longa Bico Amarelo Clássico;1;0;0;0;0;0
F1;439;Eq. Diamante Babete de Cauda Longa Bico Amarelo Castanho;1;0;0;0;0;0
F1;440;Diamante Babete de Cauda Longa Bico Amarelo Castanho;1;0;0;0;0;0
F1;441;Eq. Diamante Babete de Cauda Longa Bico Amarelo Topásio;1;0;0;0;0;0
F1;442;Diamante Babete de Cauda Longa Bico Amarelo Topásio;1;0;0;0;0;0
F1;443;Eq. Diamante Babete de Cauda Longa Bico Amarelo Phaeo;1;0;0;0;0;0
F1;444;Diamante Babete de Cauda Longa Bico Amarelo Phaeo;1;0;0;0;0;0
F1;445;Eq. Diamante Babete de Cauda Longa Bico Amarelo Ino;1;0;0;0;0;0
F1;446;Diamante Babete de Cauda Longa Bico Amarelo Ino;1;0;0;0;0;0
F1;447;Eq. Diamante Babete de Cauda Longa Bico Amarelo Cinzento;1;0;0;0;0;0
F1;448;Diamante Babete de Cauda Longa Bico Amarelo Cinzento;1;0;0;0;0;0
F1;449;Eq. Diamante Babete de Cauda Longa Bico Amarelo Opala;1;0;0;0;0;0
F1;450;Diamante Babete de Cauda Longa Bico Amarelo Opala;1;0;0;0;0;0
F1;451;Eq. Diamante Babete de Cauda Longa Bico Amarelo Outros: combinações de mutação;1;0;0;0;0;0
F1;452;Diamante Babete de Cauda Longa Bico Amarelo Outros: combinações de mutação;1;0;0;0;0;0
F1;453;Eq. Diamante Babete de Cauda Longa Bico Amarelo Novas mutações em estudo (sem prémios);1;0;0;0;0;0
F1;454;Diamante Babete de Cauda Longa Bico Amarelo Novas mutações em estudo (sem prémios);1;0;0;0;0;0
F1;455;Eq. Diamante Babete de Cauda Longa Bico Vermelho Clássico;1;0;0;0;0;0
F1;456;Diamante Babete de Cauda Longa Bico Vermelho Clássico;1;0;0;0;0;0
F1;457;Eq. Diamante Babete de Cauda Longa Bico Vermelho Castanho;1;0;0;0;0;0
F1;458;Diamante Babete de Cauda Longa Bico Vermelho Castanho;1;0;0;0;0;0
F1;459;Eq. Diamante Babete de Cauda Longa Bico Vermelho Topázio;1;0;0;0;0;0
F1;460;Diamante Babete de Cauda Longa Bico Vermelho Topázio;1;0;0;0;0;0
F1;461;Eq. Diamante Babete de Cauda Longa Bico Vermelho Phaeo;1;0;0;0;0;0
F1;462;Diamante Babete de Cauda Longa Bico Vermelho Phaeo;1;0;0;0;0;0
F1;463;Eq. Diamante Babete de Cauda Longa Bico Vermelho Ino;1;0;0;0;0;0
F1;464;Diamante Babete de Cauda Longa Bico Vermelho Ino;1;0;0;0;0;0
F1;465;Eq. Diamante Babete de Cauda Longa Bico Vermelho Cinzento;1;0;0;0;0;0
F1;466;Diamante Babete de Cauda Longa Bico Vermelho Cinzento;1;0;0;0;0;0
F1;467;Eq. Diamante Babete de Cauda Longa Bico Vermelho Opala;1;0;0;0;0;0
F1;468;Diamante Babete de Cauda Longa Bico Vermelho Opala;1;0;0;0;0;0
F1;469;Eq. Diamante Babete de Cauda Longa Bico Vermelho Outros: combinações de mutação;1;0;0;0;0;0
F1;470;Diamante Babete de Cauda Longa Bico Vermelho Outros: combinações de mutação;1;0;0;0;0;0
F1;471;Eq. Diamante Babete de Cauda Longa Bico Vermelho Novas mutações em estudo (sem prémios);1;0;0;0;0;0
F1;472;Diamante Babete de Cauda Longa Bico Vermelho Novas mutações em estudo (sem prémios);1;0;0;0;0;0
F1;473;Eq. Diamante Babete de Bico Preto Clássico;1;0;0;0;0;0
F1;474;Diamante Babete de Bico Preto Clássico;1;0;0;0;0;0
F1;475;Eq. Diamante Babete de Bico Preto Castanho;1;0;0;0;0;0
F1;476;Diamante Babete de Bico Preto Castanho;1;0;0;0;0;0
F1;477;Eq. Diamante Babete de Bico Preto Topásio;1;0;0;0;0;0
F1;478;Diamante Babete de Bico Preto Topásio;1;0;0;0;0;0
F1;479;Eq. Diamante Babete de Bico Preto Phaeo;1;0;0;0;0;0
F1;480;Diamante Babete de Bico Preto Phaeo;1;0;0;0;0;0
F1;481;Eq. Diamante Babete de Bico Preto Ino;1;0;0;0;0;0
F1;482;Diamante Babete de Bico Preto Ino;1;0;0;0;0;0
F1;483;Eq. Diamante Babete de Bico Preto Cinzento;1;0;0;0;0;0
F1;484;Diamante Babete de Bico Preto Cinzento;1;0;0;0;0;0
F1;485;Eq. Diamante Babete de Bico Preto Outros: combinações de mutação;1;0;0;0;0;0
F1;486;Diamante Babete de Bico Preto Outros: combinações de mutação;1;0;0;0;0;0
F1;487;Eq. Diamante Babete de Bico Preto Novas mutações em estudo (sem prémios);1;0;0;0;0;0
F1;488;Diamante Babete de Bico Preto Novas mutações em estudo (sem prémios);1;0;0;0;0;0
F1;489;Eq. Diamante Pardal (Sparrow) Clássico;1;0;0;0;0;0
F1;490;Diamante Pardal (Sparrow) Clássico;1;0;0;0;0;0
F1;491;Eq. Diamante Pardal (Sparrow) Castanho;1;0;0;0;0;0
F1;492;Diamante Pardal (Sparrow) Castanho;1;0;0;0;0;0
F1;493;Eq. Diamante Pardal (Sparrow) Opala;1;0;0;0;0;0
F1;494;Diamante Pardal (Sparrow) Opala;1;0;0;0;0;0
F1;495;Eq. Diamante Pardal (Sparrow) Clássico de bico e uropígeo amarelo;1;0;0;0;0;0
F1;496;Diamante Pardal (Sparrow) Clássico de bico e uropígeo amarelo;1;0;0;0;0;0
F1;497;Eq. Diamante Pardal (Sparrow) Outros: combinações de mutação;1;0;0;0;0;0
F1;498;Diamante Pardal (Sparrow) Outros: combinações de mutação;1;0;0;0;0;0
F1;499;Eq. Diamante Pardal (Sparrow) Novas mutações em estudo (sem prémios);1;0;0;0;0;0
F1;500;Diamante Pardal (Sparrow) Novas mutações em estudo (sem prémios);1;0;0;0;0;0
F1;501;Eq. M Diamante Modesto Clássico;1;0;0;0;0;0
F1;502;M Diamante Modesto Clássico;1;0;0;0;0;0
F1;503;Eq. F Diamante Modesto Clássico;1;0;0;0;0;0
F1;504;F Diamante Modesto Clássico;1;0;0;0;0;0
F1;505;Eq. M Diamante Modesto Ágata (ex-Isabel);1;0;0;0;0;0
F1;506;M Diamante Modesto Ágata (ex-Isabel);1;0;0;0;0;0
F1;507;Eq. F Diamante Modesto Ágata (ex-Isabel);1;0;0;0;0;0
F1;508;F Diamante Modesto Ágata (ex-Isabel);1;0;0;0;0;0
F1;509;Eq. Diamante Modesto Novas mutações em estudo (sem prémios);1;0;0;0;0;0
F1;510;Diamante Modesto Novas mutações em estudo (sem prémios);1;0;0;0;0;0
F1;511;Eq. M Diamante Estrela Clássico;1;0;0;0;0;0
F1;512;M Diamante Estrela Clássico;1;0;0;0;0;0
F1;513;Eq. F Diamante Estrela Clássico;1;0;0;0;0;0
F1;514;F Diamante Estrela Clássico;1;0;0;0;0;0
F1;515;Eq. M Diamante Estrela Máscara amarela;1;0;0;0;0;0
F1;516;M Diamante Estrela Máscara amarela;1;0;0;0;0;0
F1;517;Eq. F Diamante Estrela Máscara amarela;1;0;0;0;0;0
F1;518;F Diamante Estrela Máscara amarela;1;0;0;0;0;0
F1;519;Eq. M Diamante Estrela Pastel (castanho);1;0;0;0;0;0
F1;520;M Diamante Estrela Pastel (castanho);1;0;0;0;0;0
F1;521;Eq. F Diamante Estrela Pastel (castanho);1;0;0;0;0;0
F1;522;F Diamante Estrela Pastel (castanho);1;0;0;0;0;0
F1;523;Eq. Diamante Estrela Outros: combinações de mutação;1;0;0;0;0;0
F1;524;Diamante Estrela Outros: combinações de mutação;1;0;0;0;0;0
F1;525;Eq. Diamante Estrela Novas mutações em estudo (sem prémios);1;0;0;0;0;0
F1;526;Diamante Estrela Novas mutações em estudo (sem prémios);1;0;0;0;0;0
F1;527;Eq. Diamante Bichenov (Poephila Bichenovi) Clássico;1;0;0;0;0;0
F1;528;Diamante Bichenov (Poephila Bichenovi) Clássico;1;0;0;0;0;0
F1;529;Eq. Diamante Bichenov (Poephila Bichenovi) Castanho;1;0;0;0;0;0
F1;530;Diamante Bichenov (Poephila Bichenovi) Castanho;1;0;0;0;0;0
F1;531;Eq. Diamante Bichenov (Poephila Bichenovi) Novas mutações em estudo (sem prémios);1;0;0;0;0;0
F1;532;Diamante Bichenov (Poephila Bichenovi) Novas mutações em estudo (sem prémios);1;0;0;0;0;0
F1;533;Eq. Diamante Papagaio (Erythrura psittacea) Clássico;1;0;0;0;0;0
F1;534;Diamante Papagaio (Erythrura psittacea) Clássico;1;0;0;0;0;0
F1;535;Eq. Diamante Papagaio (Erythrura psittacea) Marfim (Verde-mar);1;0;0;0;0;0
F1;536;Diamante Papagaio (Erythrura psittacea) Marfim (Verde-mar);1;0;0;0;0;0
F1;537;Eq. Diamante Papagaio (Erythrura psittacea) Pastel;1;0;0;0;0;0
F1;538;Diamante Papagaio (Erythrura psittacea) Pastel;1;0;0;0;0;0
F1;539;Eq. Diamante Papagaio (Erythrura psittacea) Ino;1;0;0;0;0;0
F1;540;Diamante Papagaio (Erythrura psittacea) Ino;1;0;0;0;0;0
F1;541;Eq. Diamante Papagaio (Erythrura psittacea) Novas mutações em estudo (sem prémios);1;0;0;0;0;0
F1;542;Diamante Papagaio (Erythrura psittacea) Novas mutações em estudo (sem prémios);1;0;0;0;0;0
F1;543;Eq. Diamante Tricolor (Erythrura trichroa) Clássico;1;0;0;0;0;0
F1;544;Diamante Tricolor (Erythrura trichroa) Clássico;1;0;0;0;0;0
F1;545;Eq. Diamante Tricolor (Erythrura trichroa) Ino;1;0;0;0;0;0
F1;546;Diamante Tricolor (Erythrura trichroa) Ino;1;0;0;0;0;0
F1;547;Eq. Diamante Tricolor (Erythrura trichroa) Verde-mar;1;0;0;0;0;0
F1;548;Diamante Tricolor (Erythrura trichroa) Verde-mar;1;0;0;0;0;0
F1;549;Eq. Diamante Tricolor (Erythrura trichroa) Novas mutações em estudo (sem prémios);1;0;0;0;0;0
F1;550;Diamante Tricolor (Erythrura trichroa) Novas mutações em estudo (sem prémios);1;0;0;0;0;0
F1;551;Eq. Bico de Prata (Lonchura cantans) Clássico;1;0;0;0;0;0
F1;552;Bico de Prata (Lonchura cantans) Clássico;1;0;0;0;0;0
F1;553;Eq. Bico de Prata (Lonchura cantans) Castanho e com uropígeo vermelho e amarelo;1;0;0;0;0;0
F1;554;Bico de Prata (Lonchura cantans) Castanho e com uropígeo vermelho e amarelo;1;0;0;0;0;0
F1;555;Eq. Bico de Prata (Lonchura cantans) Agata;1;0;0;0;0;0
F1;556;Bico de Prata (Lonchura cantans) Agata;1;0;0;0;0;0
F1;557;Eq. Bico de Prata (Lonchura cantans) Opala e com uropígeo vermelho e amarelo;1;0;0;0;0;0
F1;558;Bico de Prata (Lonchura cantans) Opala e com uropígeo vermelho e amarelo;1;0;0;0;0;0
F1;559;Eq. Bico de Prata (Lonchura cantans) Ino e com uropígeo vermelho e amarelo;1;0;0;0;0;0
F1;560;Bico de Prata (Lonchura cantans) Ino e com uropígeo vermelho e amarelo;1;0;0;0;0;0
F1;561;Eq. Bico de Prata (Lonchura cantans) Cinzento;1;0;0;0;0;0
F1;562;Bico de Prata (Lonchura cantans) Cinzento;1;0;0;0;0;0
F1;563;Eq. Bico de Prata (Lonchura cantans) Pastel;1;0;0;0;0;0
F1;564;Bico de Prata (Lonchura cantans) Pastel;1;0;0;0;0;0
F1;565;Eq. Bico de Prata (Lonchura cantans) Ventre escuro;1;0;0;0;0;0
F1;566;Bico de Prata (Lonchura cantans) Ventre escuro;1;0;0;0;0;0
F1;567;Eq. Bico de Prata (Lonchura cantans) Outros: combinações de mutação;1;0;0;0;0;0
F1;568;Bico de Prata (Lonchura cantans) Outros: combinações de mutação;1;0;0;0;0;0
F1;569;Eq. Bico de Prata (Lonchura cantans) Novas mutações em estudo (sem prémios);1;0;0;0;0;0
F1;570;Bico de Prata (Lonchura cantans) Novas mutações em estudo (sem prémios);1;0;0;0;0;0
F1;571;Eq. Bico de Chumbo (Lonchura malabarica) Clássico;1;0;0;0;0;0
F1;572;Bico de Chumbo (Lonchura malabarica) Clássico;1;0;0;0;0;0
F1;573;Eq. Bico de Chumbo (Lonchura malabarica) Castanho;1;0;0;0;0;0
F1;574;Bico de Chumbo (Lonchura malabarica) Castanho;1;0;0;0;0;0
F1;575;Eq. Bico de Chumbo (Lonchura malabarica) Opala;1;0;0;0;0;0
F1;576;Bico de Chumbo (Lonchura malabarica) Opala;1;0;0;0;0;0
F1;577;Eq. Bico de Chumbo (Lonchura malabarica) Ino;1;0;0;0;0;0
F1;578;Bico de Chumbo (Lonchura malabarica) Ino;1;0;0;0;0;0
F1;579;Eq. Bico de Chumbo (Lonchura malabarica) Cinzento;1;0;0;0;0;0
F1;580;Bico de Chumbo (Lonchura malabarica) Cinzento;1;0;0;0;0;0
F1;581;Eq. Bico de Chumbo (Lonchura malabarica) Pastel;1;0;0;0;0;0
F1;582;Bico de Chumbo (Lonchura malabarica) Pastel;1;0;0;0;0;0
F1;583;Eq. Bico de Chumbo (Lonchura malabarica) Outros: combinações de mutação;1;0;0;0;0;0
F1;584;Bico de Chumbo (Lonchura malabarica) Outros: combinações de mutação;1;0;0;0;0;0
F1;585;Eq. Bico de Chumbo (Lonchura malabarica) Novas mutações em estudo (sem prémios);1;0;0;0;0;0
F1;586;Bico de Chumbo (Lonchura malabarica) Novas mutações em estudo (sem prémios);1;0;0;0;0;0
F2;1;Eq. Serinos, género Serinus todos nas cores normais;1;0;0;0;0;0
F2;2;Serinos, género Serinus todos nas cores normais;1;0;0;0;0;0
F2;3;Eq. M Cardinalito da Venezuela (Carduelis cucullata) clássico;1;0;0;0;0;0
F2;4;M Cardinalito da Venezuela (Carduelis cucullata) clássico;1;0;0;0;0;0
F2;124;Freirinha-branca-e-preta (Lonchura bicolor), Freirinha-bronze (L. cucullata), Freirinha-pêga (L. fringilloides), Bico de prata de Madagáscar (L. nana) todos nas cores normais;1;0;0;0;0;0
F2;125;Eq. Capuchinho de cabeça cinzenta (Lonchura caniceps), Capuchinho de uropígio amarelo (L. flaviprymna), Capuchinho da Nova Irlanda (L. forbesi), Capuchinho de bico grande (L. grandis), Capuchinho de Hunstein (L. hunsteini), Capuchinho de cabeça branca (L.;1;0;0;0;0;0
F2;126;Capuchinho de cabeça cinzenta (Lonchura caniceps), Capuchinho de uropígio amarelo (L. flaviprymna), Capuchinho da Nova Irlanda (L. forbesi), Capuchinho de bico grande (L. grandis), Capuchinho de Hunstein (L. hunsteini), Capuchinho de cabeça branca (L. maj;1;0;0;0;0;0
F2;127;Eq. Capuchinho de peito castanho (Lonchura castaneothorax), Capuchinho fusco (L. fuscans), Capuchinho de ventre ruivo (L. kelaarti), Capuchinho de barriga branca (L. leucogastra), Capuchinho de Java (L. leucogastroides), Capuchinho de pontos brancos (L. l;1;0;0;0;0;0
F2;128;Capuchinho de peito castanho (Lonchura castaneothorax), Capuchinho fusco (L. fuscans), Capuchinho de ventre ruivo (L. kelaarti), Capuchinho de barriga branca (L. leucogastra), Capuchinho de Java (L. leucogastroides), Capuchinho de pontos brancos (L. leuco;1;0;0;0;0;0
F2;129;Eq. Mutações das classes 121, 123, 125, 127;1;0;0;0;0;0
F2;130;Mutações das classes 122, 124, 126, 128;1;0;0;0;0;0
F2;131;Eq. Outros diamantes género Erythrura (excepto os incluídos em F1) todos nas cores normais;1;0;0;0;0;0
F2;132;Outros diamantes género Erythrura (excepto os incluídos em F1) todos nas cores normais;1;0;0;0;0;0
F2;133;Eq. Caudas de fogo, género Emblema, Outros diamantes, género Neochmia ou Aegintha, Diamantes das montanhas, género Oreostruthus todos nas cores normais;1;0;0;0;0;0
F2;134;Caudas de fogo, género Emblema, Outros diamantes, género Neochmia ou Aegintha, Diamantes das montanhas, género Oreostruthus todos nas cores normais;1;0;0;0;0;0
F2;135;Eq. Diamante Mascarado (Poephila personata) ancestral;1;0;0;0;0;0
F2;136;Diamante Mascarado (Poephila personata) ancestral;1;0;0;0;0;0
F2;137;Eq. Outros diamantes, género Aidemosyne, Outros diamantes australianos, género Poephila (exceto os incluídos em F1) todos nas cores normais;1;0;0;0;0;0
F2;138;Outros diamantes, género Aidemosyne, Outros diamantes australianos, género Poephila (exceto os incluídos em F1) todos nas cores normais;1;0;0;0;0;0
F2;139;Eq. Viúvas género Vidua todos nas cores normais;1;0;0;0;0;0
F2;140;Viúvas género Vidua todos nas cores normais;1;0;0;0;0;0
F2;141;Eq. Mutações das classes 131, 133, 135, 137, 139;1;0;0;0;0;0
F2;142;Mutações das classes 132, 134, 136, 138, 140;1;0;0;0;0;0
F2;143;Eq. Bulbuls (Pycnonotidae), Mainates, Pica-bois, Estorninhos (Sturnidae), Piscos, Tordos (Turdidae) todos nas cores normais;1;0;0;0;0;0
F2;144;Bulbuls (Pycnonotidae), Mainates, Pica-bois, Estorninhos (Sturnidae), Piscos, Tordos (Turdidae) todos nas cores normais;1;0;0;0;0;0
F2;145;Eq. Gralhas, Gaios, Pêgas (Corvidae), Tordos ou Gaios Garrulax (Timalidae), Papa-moscas tirano (Tyrannidae) todos nas cores normais;1;0;0;0;0;0
F2;146;Gralhas, Gaios, Pêgas (Corvidae), Tordos ou Gaios Garrulax (Timalidae), Papa-moscas tirano (Tyrannidae) todos nas cores normais;1;0;0;0;0;0
F2;147;Eq. Papa-moscas do Velho Mundo (Muscicapidae), Chapins verdadeiros (Paridae), Tangarás, Dançadores, Rendeiras (Pipridae), Tordos gaio, Rouxinóis do Japão, Messias orelha de prata, Minlas, Síbias, Luinas (Timaliidae), Zosteropes de óculos brancos (Zosterop;1;0;0;0;0;0
F2;148;Papa-moscas do Velho Mundo (Muscicapidae), Chapins verdadeiros (Paridae), Tangarás, Dançadores, Rendeiras (Pipridae), Tordos gaio, Rouxinóis do Japão, Messias orelha de prata, Minlas, Síbias, Luinas (Timaliidae), Zosteropes de óculos brancos (Zosteropidae;1;0;0;0;0;0
F2;149;Eq. Pássaros rateiros (Coliidae), Cotingas, Arapongas (Cotingidae), Bicos-largos (Eurylaimidae), Turacos (Musophagidae), Araçaris, Tucanetes, Tucanos (Ramphastidae), Quetzals, Surucuás (Trogonidae) todos nas cores normais;1;0;0;0;0;0
F2;150;Pássaros rateiros (Coliidae), Cotingas, Arapongas (Cotingidae), Bicos-largos (Eurylaimidae), Turacos (Musophagidae), Araçaris, Tucanetes, Tucanos (Ramphastidae), Quetzals, Surucuás (Trogonidae) todos nas cores normais;1;0;0;0;0;0
F2;151;Eq. Martins pescador (Alcedinidae), Minivetes (Campephagidae), Barbetes ou Capitães de bigode (Capitonidae), Rolieiros (Coraciidae), Arirambas (Galbulidae), Pássaros pretos, Tristes-pia, Xéxéus, Gaudérios, Sargentos, Garibaldis, Caretões, Estornelas, Orop;1;0;0;0;0;0
F2;152;Martins pescador (Alcedinidae), Minivetes (Campephagidae), Barbetes ou Capitães de bigode (Capitonidae), Rolieiros (Coraciidae), Arirambas (Galbulidae), Pássaros pretos, Tristes-pia, Xéxéus, Gaudérios, Sargentos, Garibaldis, Caretões, Estornelas, Oropêndo;1;0;0;0;0;0
F2;153;Eq. Clorofónias, Gaturamos, Fi-fis, Saís, Saíras, Tangarás (Emberezidae), Felosas (Parulidae) todos nas cores normais;1;0;0;0;0;0
F2;154;Clorofónias, Gaturamos, Fi-fis, Saís, Saíras, Tangarás (Emberezidae), Felosas (Parulidae) todos nas cores normais;1;0;0;0;0;0
F2;155;Eq. Saís de perna amarela (Emberezidae), Pássaros de sol ou Nectarinos (Nectariniidae), Colibris (Trochilidae) todos nas cores normais;1;0;0;0;0;0
F2;156;Saís de perna amarela (Emberezidae), Pássaros de sol ou Nectarinos (Nectariniidae), Colibris (Trochilidae) todos nas cores normais;1;0;0;0;0;0
F2;157;Eq. Mutações das classes 143, 145, 147, 149, 151, 153, 155;1;0;0;0;0;0
F2;158;Mutações das classes 144, 146, 148, 150, 152, 154, 156;1;0;0;0;0;0
F2;159;Eq. Outras espécies não incluídas nas classes 1 a 157;1;0;0;0;0;0
F2;160;Outras espécies não incluídas nas classes 2 a 158;1;0;0;0;0;0
H;1;Eq. híbrido Negro-Castanho de canário X serinus exóticos e vice versa (cor clássica);1;0;0;0;0;0
H;2;híbrido Negro-Castanho de canário X serinus exóticos e vice versa (cor clássica);1;0;0;0;0;0
H;3;Eq. híbrido Negro-Castanho de canário X outros exóticos e vice versa (cor clássica);1;0;0;0;0;0
H;4;híbrido Negro-Castanho de canário X outros exóticos e vice versa (cor clássica);1;0;0;0;0;0
H;5;Eq. híbrido mutação de canário X serinus exóticos e vice versa;1;0;0;0;0;0
H;6;híbrido mutação de canário X serinus exóticos e vice versa;1;0;0;0;0;0
H;7;Eq. híbrido mutação de canário X outros exóticos e vice versa;1;0;0;0;0;0
H;8;híbrido mutação de canário X outros exóticos e vice versa;1;0;0;0;0;0
H;9;Eq. híbrido exótico X exótico (de fringillideos e emberizideos entre eles) de cor clássico;1;0;0;0;0;0
H;10;híbrido exótico X exótico (de fringillideos e emberizideos entre eles) de cor clássico;1;0;0;0;0;0
H;11;Eq. híbrido exótico X exótico (de estrildideos entre eles) de cor clássica;1;0;0;0;0;0
H;12;híbrido exótico X exótico (de estrildideos entre eles) de cor clássica;1;0;0;0;0;0
H;13;"Eq. híbrido mutação ; exótico X exótico (de fringillideos e emberizideos entre eles)";1;0;0;0;0;0
H;14;"híbrido mutação ; exótico X exótico (de fringillideos e emberizideos entre eles)";1;0;0;0;0;0
H;15;"Eq. híbrido mutação ; exótico X exótico (de estrildideos entre eles)";1;0;0;0;0;0
H;16;"híbrido mutação ; exótico X exótico (de estrildideos entre eles)";1;0;0;0;0;0
H;17;Eq. híbrido de serinus exótico X fauna europeia e vice versa (cor clássica);1;0;0;0;0;0
H;18;híbrido de serinus exótico X fauna europeia e vice versa (cor clássica);1;0;0;0;0;0
H;19;Eq. híbrido outros exóticos X fauna europeia e vice versa (cor clássica);1;0;0;0;0;0
H;20;híbrido outros exóticos X fauna europeia e vice versa (cor clássica);1;0;0;0;0;0
H;21;Eq. híbrido mutação de serinus exótico X fauna europeia e vice versa;1;0;0;0;0;0
H;22;híbrido mutação de serinus exótico X fauna europeia e vice versa;1;0;0;0;0;0
H;23;Eq. híbrido mutação outros exóticos X fauna europeia e vice versa;1;0;0;0;0;0
H;24;híbrido mutação outros exóticos X fauna europeia e vice versa;1;0;0;0;0;0
H;25;Eq. híbrido variegado (todos);1;0;0;0;0;0
H;26;híbrido variegado (todos);1;0;0;0;0;0
O;1;Eq. Rola Plácida (Geopelia placida), Rola de Maugé (G. maugeus), Rola Zebrada (G. striata), Rola Humeral (G. humeralis), Rola Máscara de Ferro (Oena capensis), Nas cores clássicas;1;0;0;0;0;0
O;2;Rola Plácida (Geopelia placida), Rola de Maugé (G. maugeus), Rola Zebrada (G. striata), Rola Humeral (G. humeralis), Rola Máscara de Ferro (Oena capensis), Nas cores clássicas;1;0;0;0;0;0
O;3;Eq. Rola Diamante (G. cuneata) e suas mutações;1;0;0;0;0;0
O;4;Rola Diamante (G. cuneata) e suas mutações;1;0;0;0;0;0
O;5;Eq. Rola dos bosques (Streptopelia turtur), Rolas de peito rosa (S. lugens), Rola oriental (S. orientalis), Rola malhada do Senegal (S. senegalensis), Rola da China (S. chinensis), Rola chorosa (S. decipens), Rola vinácea (S. vinacea), Rola do Cabo (S. ca;1;0;0;0;0;0
O;6;Rola dos bosques (Streptopelia turtur), Rolas de peito rosa (S. lugens), Rola oriental (S. orientalis), Rola malhada do Senegal (S. senegalensis), Rola da China (S. chinensis), Rola chorosa (S. decipens), Rola vinácea (S. vinacea), Rola do Cabo (S. capico;1;0;0;0;0;0
O;7;Eq. Rola risonha (S. roseigrisiria) e suas mutações;1;0;0;0;0;0
O;8;Rola risonha (S. roseigrisiria) e suas mutações;1;0;0;0;0;0
O;9;Eq. Rola escamada (Columbina squamata), Rola inca (C. inca), Rola picui (C. picui), Rola de banda grená (C. cruziana), Rola minuto (C. minuta), Rola passarinho (C. passerina), Pomba de Bucklei (C. buckleyi), Rola talpacote (C. talpacoti), Rola azulada (Cl;1;0;0;0;0;0
O;10;Rola escamada (Columbina squamata), Rola inca (C. inca), Rola picui (C. picui), Rola de banda grená (C. cruziana), Rola minuto (C. minuta), Rola passarinho (C. passerina), Pomba de Bucklei (C. buckleyi), Rola talpacote (C. talpacoti), Rola azulada (Clarav;1;0;0;0;0;0
O;11;Eq. Pomba apunhalada (Gallicolumba Luzonica), Pomba de peito dourado (Gal. Rufigula), Rola tristigmata (Gal. Tristigmata), Pomba de Bartlett (Gal. Criniger), Pomba de Jobi (Gal. Jobiensis), Pomba de Palau (Gal. Canifrons), Pomba de Stair (Gal. Stairi), Po;1;0;0;0;0;0
O;12;Pomba apunhalada (Gallicolumba Luzonica), Pomba de peito dourado (Gal. Rufigula), Rola tristigmata (Gal. Tristigmata), Pomba de Bartlett (Gal. Criniger), Pomba de Jobi (Gal. Jobiensis), Pomba de Palau (Gal. Canifrons), Pomba de Stair (Gal. Stairi), Pomba ;1;0;0;0;0;0
O;13;Eq. Rola asa de bronze (Phaps chalcoptera), Rola arlequim (Ph. histrionica), Rola elegante (Ph. elegans), Rola da Índia (Chalcophaps indica), Rola plumífera (C. plumifera), Rola lofote (C. Lophote), Rola de cauda de barras (Macropygia onchal), Géneros Hen;1;0;0;0;0;0
O;14;Rola asa de bronze (Phaps chalcoptera), Rola arlequim (Ph. histrionica), Rola elegante (Ph. elegans), Rola da Índia (Chalcophaps indica), Rola plumífera (C. plumifera), Rola lofote (C. Lophote), Rola de cauda de barras (Macropygia onchal), Géneros Henicop;1;0;0;0;0;0
O;15;Eq. Pomba tigrada (Columba maculosa), Pomba de coroa branca (C. leucocephala), Pomba galega (C. cayenensis), Pomba do Perú (C. oenups), Pomba da Guiné (C. guinea), Pombo-bravo (C. oenas), Pomba da rocha (C. livia), Pombo torcaz (C. palumbus), Pomba cinzen;1;0;0;0;0;0
O;16;Pomba tigrada (Columba maculosa), Pomba de coroa branca (C. leucocephala), Pomba galega (C. cayenensis), Pomba do Perú (C. oenups), Pomba da Guiné (C. guinea), Pombo-bravo (C. oenas), Pomba da rocha (C. livia), Pombo torcaz (C. palumbus), Pomba cinzenta (;1;0;0;0;0;0
O;17;Eq. Pomba soberba da fruta (Ptinilopus superbus), Pomba da fruta de fronte laranja (P. aurantifrons), Pomba de Nicobar (Caloenas nicobarica), Géneros Treron e outros não contemplados nas classes 1 a 12, todos nas cores normais;1;0;0;0;0;0
O;18;Pomba soberba da fruta (Ptinilopus superbus), Pomba da fruta de fronte laranja (P. aurantifrons), Pomba de Nicobar (Caloenas nicobarica), Géneros Treron e outros não contemplados nas classes 1 a 12, todos nas cores normais;1;0;0;0;0;0
O;19;Eq. Mutações de todas as espécies das classes 1 a 17, excepto 3 e 7;1;0;0;0;0;0
O;20;Mutações de todas as espécies das classes 1 a 17, excepto 3 e 7;1;0;0;0;0;0
O;21;Eq. Novas mutações em estudo (sem prémio);1;0;0;0;0;0
O;22;Novas mutações em estudo (sem prémio);1;0;0;0;0;0
P;1;Eq. Codorniz azul (Coturnix adansonil), Codorniz entrançada (C. coromandelica), Codorniz arlequim (C. delegorgel), Codorniz da Nova Zelândia (C. novazelandiae), Codorniz dos trigos comum (C. coturnix), Codorniz das montanhas (C. monorthonyx), Género Anuro;1;0;0;0;0;0
P;2;Codorniz azul (Coturnix adansonil), Codorniz entrançada (C. coromandelica), Codorniz arlequim (C. delegorgel), Codorniz da Nova Zelândia (C. novazelandiae), Codorniz dos trigos comum (C. coturnix), Codorniz das montanhas (C. monorthonyx), Género Anurophas;1;0;0;0;0;0
P;3;Eq. Codorniz da China (C. chinensis) e suas mutações;1;0;0;0;0;0
P;4;Codorniz da China (C. chinensis) e suas mutações;1;0;0;0;0;0
P;5;Eq. Codorniz do Japão (C. japonica) e suas mutações;1;0;0;0;0;0
P;6;Codorniz do Japão (C. japonica) e suas mutações;1;0;0;0;0;0
P;7;Eq. Perdiz das montanhas (Oreortyx pictus), Perdiz escamada (Callipela squamata), Perdiz elegante (Cal. Douglasil), Perdiz de Gambel (Colinus Gambelli), Perdiz da Virgínia (Co. virginiatus), Perdiz de crista (Co. Cristatus), Perdiz de face branca (Co. Leu;1;0;0;0;0;0
P;8;Perdiz das montanhas (Oreortyx pictus), Perdiz escamada (Callipela squamata), Perdiz elegante (Cal. Douglasil), Perdiz de Gambel (Colinus Gambelli), Perdiz da Virgínia (Co. virginiatus), Perdiz de crista (Co. Cristatus), Perdiz de face branca (Co. Leucopo;1;0;0;0;0;0
P;9;Eq. Perdiz Sisi (Amnoperdrix griseogularis), Perdiz de Hey (Am. hehi), Perdiz grega (Alectoris graeca), Perdiz chucar (Al. chukar), Perdiz bárbara (Al. barbara), Perdiz vermelha (Al. rufa), Perdiz cinzenta (Perdrix perdrix), Cortiçol de colar (Arbophila t;1;0;0;0;0;0
P;10;Perdiz Sisi (Amnoperdrix griseogularis), Perdiz de Hey (Am. hehi), Perdiz grega (Alectoris graeca), Perdiz chucar (Al. chukar), Perdiz bárbara (Al. barbara), Perdiz vermelha (Al. rufa), Perdiz cinzenta (Perdrix perdrix), Cortiçol de colar (Arbophila torqu;1;0;0;0;0;0
P;11;Eq. Mutações das espécies das classes 1 a 9, excepto 3 e 5.;1;0;0;0;0;0
P;12;Mutações das espécies das classes 1 a 9, excepto 3 e 5.;1;0;0;0;0;0
P;13;Eq. Novas mutações em estudo (sem prémio);1;0;0;0;0;0
P;14;Novas mutações em estudo (sem prémio);1;0;0;0;0;0
